<?xml version="1.0" encoding="UTF-8"?>
<!DOCTYPE resources PUBLIC "-//Sun Microsystems, Inc.//DTD Application Server 9.0 Resource Definitions //EN" "http://www.sun.com/software/appserver/dtds/sun-resources_1_3.dtd">
<resources>
    <admin-object-resource enabled="true" jndi-name="jms/java:comp/DefaultJMSConnectionFactory" object-type="user" res-adapter="jmsra" res-type="javax.jms.Queue">
        <property name="Name" value="PhysicalQueue"/>
    </admin-object-resource>
    
   <!--                          
  <admin-object-resource enabled="true" jndi-name="jms/ReceptionQueue" object-type="user" res-adapter="jmsra" res-type="javax.jms.Queue">
    <description/>
    <property name="Name" value=""/>
  </admin-object-resource>
 
  <connector-resource enabled="true" jndi-name="jms/ReceptionConnection" object-type="user" pool-name="jms/ReceptionConnection-Connection-Pool">
    <description/>
  </connector-resource>
  -->
  <connector-connection-pool associate-with-thread="false" connection-creation-retry-attempts="0" connection-creation-retry-interval-in-seconds="10" connection-definition-name="javax.jms.QueueConnectionFactory" connection-leak-reclaim="false" connection-leak-timeout-in-seconds="0" fail-all-connections="false" idle-timeout-in-seconds="300" is-connection-validation-required="false" lazy-connection-association="false" lazy-connection-enlistment="false" match-connections="true" max-connection-usage-count="0" max-pool-size="32" max-wait-time-in-millis="60000" name="jms/java:comp/DefaultJMSConnectionFactoryFactoryPool" pool-resize-quantity="2" resource-adapter-name="jmsra" steady-pool-size="8" validate-atmost-once-period-in-seconds="0"/>
  <connector-resource enabled="true" jndi-name="jms/java:comp/DefaultJMSConnectionFactoryFactory" object-type="user" pool-name="jms/java:comp/DefaultJMSConnectionFactoryFactoryPool"/>
  <connector-connection-pool associate-with-thread="false" connection-creation-retry-attempts="0" connection-creation-retry-interval-in-seconds="10" connection-definition-name="javax.jms.ConnectionFactory" connection-leak-reclaim="false" connection-leak-timeout-in-seconds="0" fail-all-connections="false" idle-timeout-in-seconds="300" is-connection-validation-required="false" lazy-connection-association="false" lazy-connection-enlistment="false" match-connections="true" max-connection-usage-count="0" max-pool-size="32" max-wait-time-in-millis="60000" name="jms/ReceptionConnection-Connection-Pool" pool-resize-quantity="2" resource-adapter-name="jmsra" steady-pool-size="8" validate-atmost-once-period-in-seconds="0"/>
    <admin-object-resource enabled="true" jndi-name="jms/ReceptionConnection"  res-type="javax.jms.Queue"  res-adapter="jmsra">
        <property name="Name" value="PhysicalQueue"/>
    </admin-object-resource>
    <connector-connection-pool name="jms/ReceptionConnectionFactoryPool"  connection-definition-name="javax.jms.QueueConnectionFactory"  resource-adapter-name="jmsra"/>
    <connector-resource enabled="true" jndi-name="jms/ReceptionConnectionFactory" pool-name="jms/ReceptionConnectionFactoryPool"  />
</resources>
